[{"model": "admin.logentry", "pk": 1, "fields": {"action_time": "2022-05-27T17:38:45.421Z", "user": 1, "content_type": 15, "object_id": "1", "object_repr": "Pedro", "action_flag": 2, "change_message": "[]"}}, {"model": "admin.logentry", "pk": 2, "fields": {"action_time": "2022-05-27T17:39:23.757Z", "user": 1, "content_type": 14, "object_id": "11", "object_repr": "Bright and Bold Dinner Mats set of 6", "action_flag": 2, "change_message": "[{\"changed\": {\"fields\": [\"Artisan\"]}}]"}}, {"model": "admin.logentry", "pk": 3, "fields": {"action_time": "2022-05-27T17:39:33.592Z", "user": 1, "content_type": 14, "object_id": "10", "object_repr": "Chakana Rug", "action_flag": 2, "change_message": "[{\"changed\": {\"fields\": [\"Artisan\"]}}]"}}, {"model": "admin.logentry", "pk": 4, "fields": {"action_time": "2022-05-27T17:41:06.251Z", "user": 1, "content_type": 14, "object_id": "1", "object_repr": "Clay Cups Set of 4", "action_flag": 2, "change_message": "[{\"changed\": {\"fields\": [\"Artisan\"]}}]"}}, {"model": "admin.logentry", "pk": 5, "fields": {"action_time": "2022-05-27T17:41:12.219Z", "user": 1, "content_type": 14, "object_id": "4", "object_repr": "Clay Vases Set of 3", "action_flag": 2, "change_message": "[{\"changed\": {\"fields\": [\"Artisan\"]}}]"}}, {"model": "admin.logentry", "pk": 6, "fields": {"action_time": "2022-05-27T17:41:21.805Z", "user": 1, "content_type": 14, "object_id": "5", "object_repr": "Gold Ornate Oval Mirror", "action_flag": 2, "change_message": "[{\"changed\": {\"fields\": [\"Artisan\"]}}]"}}, {"model": "admin.logentry", "pk": 7, "fields": {"action_time": "2022-05-27T17:41:27.906Z", "user": 1, "content_type": 14, "object_id": "9", "object_repr": "Large Inti Sun Mirror", "action_flag": 2, "change_message": "[{\"changed\": {\"fields\": [\"Artisan\"]}}]"}}, {"model": "admin.logentry", "pk": 8, "fields": {"action_time": "2022-05-27T17:41:45.323Z", "user": 1, "content_type": 14, "object_id": "6", "object_repr": "Mini Sun Mirror", "action_flag": 2, "change_message": "[{\"changed\": {\"fields\": [\"Artisan\"]}}]"}}, {"model": "admin.logentry", "pk": 9, "fields": {"action_time": "2022-05-27T17:41:54.003Z", "user": 1, "content_type": 14, "object_id": "8", "object_repr": "Mini Tear Drop Mirror", "action_flag": 2, "change_message": "[{\"changed\": {\"fields\": [\"Artisan\"]}}]"}}, {"model": "admin.logentry", "pk": 10, "fields": {"action_time": "2022-05-27T17:42:00.501Z", "user": 1, "content_type": 14, "object_id": "7", "object_repr": "Painted Mirrors Set of 3", "action_flag": 2, "change_message": "[{\"changed\": {\"fields\": [\"Artisan\"]}}]"}}, {"model": "admin.logentry", "pk": 11, "fields": {"action_time": "2022-05-27T17:42:05.816Z", "user": 1, "content_type": 14, "object_id": "18", "object_repr": "Pink Clay Cups Set of 4", "action_flag": 2, "change_message": "[{\"changed\": {\"fields\": [\"Artisan\"]}}]"}}, {"model": "admin.logentry", "pk": 12, "fields": {"action_time": "2022-05-27T17:42:17.015Z", "user": 1, "content_type": 14, "object_id": "12", "object_repr": "Royal Pisac Rug", "action_flag": 2, "change_message": "[{\"changed\": {\"fields\": [\"Artisan\"]}}]"}}, {"model": "admin.logentry", "pk": 13, "fields": {"action_time": "2022-05-27T17:45:32.128Z", "user": 1, "content_type": 14, "object_id": "19", "object_repr": "Clay Jug and Cup set", "action_flag": 1, "change_message": "[{\"added\": {}}]"}}, {"model": "admin.logentry", "pk": 14, "fields": {"action_time": "2022-05-27T17:45:56.210Z", "user": 1, "content_type": 14, "object_id": "1", "object_repr": "Clay Cups Set of 4", "action_flag": 2, "change_message": "[{\"changed\": {\"fields\": [\"Description\"]}}]"}}, {"model": "admin.logentry", "pk": 15, "fields": {"action_time": "2022-05-27T17:46:01.317Z", "user": 1, "content_type": 14, "object_id": "11", "object_repr": "Bright and Bold Dinner Mats set of 6", "action_flag": 2, "change_message": "[]"}}, {"model": "admin.logentry", "pk": 16, "fields": {"action_time": "2022-05-27T17:49:45.099Z", "user": 1, "content_type": 14, "object_id": "19", "object_repr": "Clay Jug and Cup set", "action_flag": 2, "change_message": "[{\"changed\": {\"fields\": [\"Description\"]}}]"}}, {"model": "admin.logentry", "pk": 17, "fields": {"action_time": "2022-05-27T20:14:53.736Z", "user": 1, "content_type": 16, "object_id": "1", "object_repr": "casa-admin2", "action_flag": 3, "change_message": ""}}, {"model": "admin.logentry", "pk": 18, "fields": {"action_time": "2022-05-27T20:14:58.185Z", "user": 1, "content_type": 16, "object_id": "2", "object_repr": "casa-admin2", "action_flag": 3, "change_message": ""}}, {"model": "admin.logentry", "pk": 19, "fields": {"action_time": "2022-05-27T21:27:54.403Z", "user": 1, "content_type": 14, "object_id": "11", "object_repr": "Bright and Bold Dinner Mats set of 6", "action_flag": 2, "change_message": "[{\"changed\": {\"fields\": [\"Dimensions\", \"Composition\"]}}]"}}, {"model": "admin.logentry", "pk": 20, "fields": {"action_time": "2022-05-27T21:28:11.788Z", "user": 1, "content_type": 14, "object_id": "10", "object_repr": "Chakana Rug", "action_flag": 2, "change_message": "[{\"changed\": {\"fields\": [\"Dimensions\", \"Composition\"]}}]"}}, {"model": "admin.logentry", "pk": 21, "fields": {"action_time": "2022-05-27T21:28:26.337Z", "user": 1, "content_type": 14, "object_id": "1", "object_repr": "Clay Cups Set of 4", "action_flag": 2, "change_message": "[{\"changed\": {\"fields\": [\"Dimensions\", \"Composition\"]}}]"}}, {"model": "admin.logentry", "pk": 22, "fields": {"action_time": "2022-05-27T21:28:32.055Z", "user": 1, "content_type": 14, "object_id": "19", "object_repr": "Clay Jug and Cup set", "action_flag": 2, "change_message": "[]"}}, {"model": "admin.logentry", "pk": 23, "fields": {"action_time": "2022-05-27T21:30:23.937Z", "user": 1, "content_type": 14, "object_id": "4", "object_repr": "Clay Vases Set of 3", "action_flag": 2, "change_message": "[{\"changed\": {\"fields\": [\"Dimensions\", \"Composition\"]}}]"}}, {"model": "admin.logentry", "pk": 24, "fields": {"action_time": "2022-05-27T21:30:58.437Z", "user": 1, "content_type": 14, "object_id": "5", "object_repr": "Gold Ornate Oval Mirror", "action_flag": 2, "change_message": "[{\"changed\": {\"fields\": [\"Dimensions\"]}}]"}}, {"model": "admin.logentry", "pk": 25, "fields": {"action_time": "2022-05-27T21:31:08.417Z", "user": 1, "content_type": 14, "object_id": "5", "object_repr": "Gold Ornate Oval Mirror", "action_flag": 2, "change_message": "[{\"changed\": {\"fields\": [\"Composition\"]}}]"}}, {"model": "admin.logentry", "pk": 26, "fields": {"action_time": "2022-05-27T21:31:23.384Z", "user": 1, "content_type": 14, "object_id": "9", "object_repr": "Large Inti Sun Mirror", "action_flag": 2, "change_message": "[{\"changed\": {\"fields\": [\"Dimensions\", \"Composition\"]}}]"}}, {"model": "admin.logentry", "pk": 27, "fields": {"action_time": "2022-05-27T21:31:49.664Z", "user": 1, "content_type": 14, "object_id": "6", "object_repr": "Mini Sun Mirror", "action_flag": 2, "change_message": "[{\"changed\": {\"fields\": [\"Dimensions\", \"Composition\"]}}]"}}, {"model": "admin.logentry", "pk": 28, "fields": {"action_time": "2022-05-27T21:32:05.543Z", "user": 1, "content_type": 14, "object_id": "8", "object_repr": "Mini Tear Drop Mirror", "action_flag": 2, "change_message": "[{\"changed\": {\"fields\": [\"Dimensions\", \"Composition\"]}}]"}}, {"model": "admin.logentry", "pk": 29, "fields": {"action_time": "2022-05-27T21:32:39.098Z", "user": 1, "content_type": 14, "object_id": "7", "object_repr": "Painted Mirrors Set of 3", "action_flag": 2, "change_message": "[{\"changed\": {\"fields\": [\"Dimensions\", \"Composition\"]}}]"}}, {"model": "admin.logentry", "pk": 30, "fields": {"action_time": "2022-05-27T21:32:58.339Z", "user": 1, "content_type": 14, "object_id": "18", "object_repr": "Pink Clay Cups Set of 4", "action_flag": 2, "change_message": "[{\"changed\": {\"fields\": [\"Dimensions\", \"Composition\"]}}]"}}, {"model": "admin.logentry", "pk": 31, "fields": {"action_time": "2022-05-27T21:33:02.994Z", "user": 1, "content_type": 14, "object_id": "11", "object_repr": "Bright and Bold Dinner Mats set of 6", "action_flag": 2, "change_message": "[]"}}, {"model": "admin.logentry", "pk": 32, "fields": {"action_time": "2022-05-27T21:33:06.388Z", "user": 1, "content_type": 14, "object_id": "8", "object_repr": "Mini Tear Drop Mirror", "action_flag": 2, "change_message": "[]"}}, {"model": "admin.logentry", "pk": 33, "fields": {"action_time": "2022-05-27T21:33:09.806Z", "user": 1, "content_type": 14, "object_id": "7", "object_repr": "Painted Mirrors Set of 3", "action_flag": 2, "change_message": "[]"}}, {"model": "admin.logentry", "pk": 34, "fields": {"action_time": "2022-05-27T21:33:12.645Z", "user": 1, "content_type": 14, "object_id": "7", "object_repr": "Painted Mirrors Set of 3", "action_flag": 2, "change_message": "[]"}}, {"model": "admin.logentry", "pk": 35, "fields": {"action_time": "2022-05-27T21:35:51.263Z", "user": 1, "content_type": 14, "object_id": "18", "object_repr": "Pink Clay Cups Set of 4", "action_flag": 2, "change_message": "[{\"changed\": {\"fields\": [\"Sku\", \"Description\", \"Features\"]}}]"}}, {"model": "admin.logentry", "pk": 36, "fields": {"action_time": "2022-05-27T21:36:03.293Z", "user": 1, "content_type": 14, "object_id": "12", "object_repr": "Royal Pisac Rug", "action_flag": 2, "change_message": "[{\"changed\": {\"fields\": [\"Dimensions\", \"Composition\"]}}]"}}, {"model": "auth.user", "pk": 1, "fields": {"password": "pbkdf2_sha256$260000$3nukrKxqt9ter81fbFcsRj$Zngi6BQFL6L9q461omxuxpnbsIt9tXDO0xCaQ9jCa4k=", "last_login": "2022-05-31T13:07:20.997Z", "is_superuser": true, "username": "casa-admin2", "first_name": "", "last_name": "", "email": "", "is_staff": true, "is_active": true, "date_joined": "2022-05-27T17:22:35.654Z", "groups": [], "user_permissions": []}}, {"model": "auth.user", "pk": 2, "fields": {"password": "pbkdf2_sha256$260000$twBFTcQeR49xMVlmkXMn5G$IxO0/uqUlAelZYIvl6JxrjIeU17OgkUazlygIw3FSo0=", "last_login": "2022-05-31T14:37:43.261Z", "is_superuser": false, "username": "testy", "first_name": "", "last_name": "", "email": "testy@testy.com", "is_staff": false, "is_active": true, "date_joined": "2022-05-27T20:03:40.827Z", "groups": [], "user_permissions": []}}, {"model": "auth.user", "pk": 3, "fields": {"password": "pbkdf2_sha256$260000$bVFj5vtiONyMcJYpIPUcXS$q6Mkr8o1funE0Hx8E+pMtNTC9FSeyurJ8qrl2sho9pE=", "last_login": "2022-05-27T20:15:17.752Z", "is_superuser": false, "username": "Katti", "first_name": "", "last_name": "", "email": "kat@kat.com", "is_staff": false, "is_active": true, "date_joined": "2022-05-27T20:13:29.889Z", "groups": [], "user_permissions": []}}, {"model": "auth.user", "pk": 4, "fields": {"password": "pbkdf2_sha256$260000$Zb9b9cnBD27b2l8gDfabmv$tDj2YlhUrtb9AOPA4+gCuV/Cqjf59pqeMnp5tr01PZw=", "last_login": "2022-05-27T20:53:14.586Z", "is_superuser": false, "username": "david", "first_name": "", "last_name": "", "email": "david@david.com", "is_staff": false, "is_active": true, "date_joined": "2022-05-27T20:52:52.170Z", "groups": [], "user_permissions": []}}, {"model": "auth.user", "pk": 5, "fields": {"password": "pbkdf2_sha256$260000$kQlZmGogHn2YQoGNkJsBNJ$wPIKDV4FFbs3M06io6/Xy5E+bVX2LiRSztV+6rH9WRs=", "last_login": "2022-05-27T20:58:02.120Z", "is_superuser": false, "username": "blanca", "first_name": "", "last_name": "", "email": "blanca@blanca.com", "is_staff": false, "is_active": true, "date_joined": "2022-05-27T20:57:43.953Z", "groups": [], "user_permissions": []}}, {"model": "auth.user", "pk": 6, "fields": {"password": "pbkdf2_sha256$260000$Q0reYofNqdJspmkef8L9qj$mOmvAuA5Xivwl02uY7uyM5iAPyfIP6vJ74DRyQOuUSs=", "last_login": "2022-05-27T21:21:14.419Z", "is_superuser": false, "username": "mike", "first_name": "", "last_name": "", "email": "mike@mike.com", "is_staff": false, "is_active": true, "date_joined": "2022-05-27T21:20:55.786Z", "groups": [], "user_permissions": []}}, {"model": "sessions.session", "pk": "fedc6sm40q4dludn5bc4z5ce42phsq03", "fields": {"session_data": "eyJzYXZlX2luZm8iOmZhbHNlfQ:1nw8rb:DGEd5guYRcT60iABvTm8nUq87PUCk-NagNL2abVSIeg", "expire_date": "2022-06-14T20:53:15.875Z"}}, {"model": "sites.site", "pk": 1, "fields": {"domain": "example.com", "name": "example.com"}}, {"model": "account.emailaddress", "pk": 1, "fields": {"user": 2, "email": "testy@testy.com", "verified": true, "primary": true}}, {"model": "account.emailaddress", "pk": 2, "fields": {"user": 3, "email": "kat@kat.com", "verified": true, "primary": true}}, {"model": "account.emailaddress", "pk": 3, "fields": {"user": 4, "email": "david@david.com", "verified": true, "primary": true}}, {"model": "account.emailaddress", "pk": 4, "fields": {"user": 5, "email": "blanca@blanca.com", "verified": true, "primary": true}}, {"model": "account.emailaddress", "pk": 5, "fields": {"user": 6, "email": "mike@mike.com", "verified": true, "primary": true}}, {"model": "products.category", "pk": 1, "fields": {"name": "Textiles", "friendly_name": "Textiles"}}, {"model": "products.category", "pk": 2, "fields": {"name": "Ceramics", "friendly_name": "Ceramics"}}, {"model": "products.category", "pk": 4, "fields": {"name": "Mirrors", "friendly_name": "Mirror"}}, {"model": "products.product", "pk": 1, "fields": {"category": 2, "sku": "A123C", "name": "Clay Cups Set of 4", "description": "Combining craftsmanship with simple and modern design, these delicate and distinct cups are hand-moulded from the rich clay of the Andes. They are heat resistant with a classic tea cup shape making them the perfect choice to house your morning beverage or afternoon comfort drink. Hand painted with calk powder in bone white, they are a rustic yet contemporary touch to your kitchen and coffee table.\r\n\r\nSold as a set of 4.", "color": "Bone White", "dimensions": "W: 7.5cm H: 8cm", "composition": "100% Clay", "features": "Not dishwasher or microwave safe", "price": "275.00", "image_url": null, "image": "white-clay-cups.jpg", "artisan": 1}}, {"model": "products.product", "pk": 4, "fields": {"category": 2, "sku": "D123C", "name": "Clay Vases Set of 3", "description": "This set of 3 vases were gently hand moulded and painted in the dusty planes and blazing sun of Ica. They are the perfect fusion between rustic and modern design making them a beautiful and unique feature to add to your home. They are water and weather resistant making them ideal to host pretty flowers in spring, or a stand-alone feature either outside or inside your home.", "color": "Stone Beige", "dimensions": "Vase 1 W:23cm H:36cm | Vase 2 W: 27cm H:50cm | Vase 3 W: 24cm H:42cm", "composition": "100% Clay", "features": "Weather and water resistant", "price": "2000.00", "image_url": null, "image": "setof3_vases.jpg", "artisan": 1}}, {"model": "products.product", "pk": 5, "fields": {"category": 4, "sku": "E123M", "name": "Gold Ornate Oval Mirror", "description": "The intricate work of this mirror is representative of the Colonial era of Peru when Peru was conquered by the Spanish armada. This colonial inspired design was hand made by the artisans of Cuzco where gold is the colour of the Incan sun god, Init. The ornate design shows the skilled craftsmanship of the people of Cuzco and the semi-matte finish adds a modern and elegant touch to the frame. This is a beautiful and stand-out piece to hang majestically inside your home - it will undoubtedly turn heads of any visitor.", "color": "Gold", "dimensions": "W:80cm H: 70cm", "composition": "Frame: Wood, Mirror: Glass", "features": "Hook and string attached to back of mirror", "price": "3000.00", "image_url": null, "image": "gold_mirror.jpg", "artisan": 5}}, {"model": "products.product", "pk": 6, "fields": {"category": 4, "sku": "G123M", "name": "Mini Sun Mirror", "description": "A beautiful and cutely sized sun mirror is typical of the Incan empire. The Incas worshiped their sun god, Inti and so would hang sun mirrors in their homes as an act of homage and respect. The straight lines and perfect frame are representative of the exquisite craftsmanship of the people from the Cusco region. The frame is hand carved out of the finest wood and painted and varnished in the colour of the sun, gold. The semi matte paint also adds a modern and contemporary touch to this otherwise ornate and classic design. It's the perfect feature to compliment hanging artwork or tapestry on bodly painted walls.", "color": "Gold", "dimensions": "W: 10cm H: 10cm", "composition": "Frame: Wood, Mirror: Glass", "features": "Hook and string attached to back of mirror", "price": "450.00", "image_url": null, "image": "mini_gold_sun_mirror.jpg", "artisan": 5}}, {"model": "products.product", "pk": 7, "fields": {"category": 4, "sku": "F123M", "name": "Painted Mirrors Set of 3", "description": "Colourful and unique paintings, this set of mirrors will enrich your interior space with its joyful charm.\r\n\r\nThis eye-catching mirror set are crafted from glass and delicately hand-painted with colours from the colonial churches of Lima. The unique design will add a sense of playful energy and light-heartedness to your current scheme – display alongside striking bright hues for a bold arrangement.", "color": "Gold Multi", "dimensions": "W: 31cm H: 40cm", "composition": "Frame: Wood, Mirror: Glass", "features": "Hook and string attached to back of mirror", "price": "4000.00", "image_url": null, "image": "setof3_mirrors.jpg", "artisan": 4}}, {"model": "products.product", "pk": 8, "fields": {"category": 4, "sku": "H123M", "name": "Mini Tear Drop Mirror", "description": "Charming and rustic tear drop shaped mirror from the markets of Pisac. The straw threading is weaved by hand giving this mirror it's delightful frame and detail. It's a delightful addition to any wall.", "color": "Bamboo Beige", "dimensions": "W: 7cm H: 10cm", "composition": "Frame: Wood, Mirror: Glass", "features": "Hook and string attached to back of mirror", "price": "350.00", "image_url": null, "image": "sticks_mirror_small.jpg", "artisan": 4}}, {"model": "products.product", "pk": 9, "fields": {"category": 4, "sku": "I123M", "name": "Large Inti Sun Mirror", "description": "Crafted by the artisans of Cusco, the city of the Incan Empire, this mirror boasts a classic design typical of the Andean culture. The brass frame and matte finish provides a refreshing elegant and contemporary edge making it a magnificent feature to hang against bright and bold walls.", "color": "Bronze Gold", "dimensions": "W: 1.5m H: 1.5m", "composition": "Frame: Gold coated Brass, Mirror: Glass", "features": "Hook and string attached to back of mirror", "price": "2500.00", "image_url": null, "image": "sun_mirror_gold_zbdsILS.jpg", "artisan": 5}}, {"model": "products.product", "pk": 10, "fields": {"category": 1, "sku": "J123T", "name": "Chakana Rug", "description": "This extraordinary rug is weaved by hand by specialised craftsman's from the city of Chinchero, known for their use of natural dyes and weaving techniques. The patterns is a classic design inspired by the Chakana Cross. The Chakana cross was the cross the Incan Empire symbolising the balance of life and all its elements - which makes the earthy tones of this rug incredibly fitting and charming. The detailed weaving, bold shapes and pinks, greens and blue hues are a powerful fusion making this a stand-out feature in any interior.", "color": "Multi", "dimensions": "W: 1.5m H: 2.5m", "composition": "100% cotton and natural fibres", "features": "Not machine washable. Dry clean only", "price": "2300.00", "image_url": null, "image": "chakana_rug_CAxrJhD.jpg", "artisan": 3}}, {"model": "products.product", "pk": 11, "fields": {"category": 1, "sku": "K123T", "name": "Bright and Bold Dinner Mats set of 6", "description": "Using natural dye's from plants, the cotton yarns are dyed and weaved carefully by hand by the artisans of Chinchero, a village known for its rich textiles and colouring techniques. These dinner mats are sure to add high contrast and bursts of colour to any dining table arrangements. \r\n\r\nThis set includes x6 dinner mats", "color": "Multi", "dimensions": "W: 35cm H: 24.5cm", "composition": "100% cotton", "features": "Machine washable. Wash at 30 degrees", "price": "299.00", "image_url": null, "image": "multi_colour_placemats.jpg", "artisan": 2}}, {"model": "products.product", "pk": 12, "fields": {"category": 1, "sku": "L123T", "name": "Royal Pisac Rug", "description": "The elegant and regal design of this rug is classic in design and exquisite in craftsmanship. This rug truly captures the skills and creativity of the artisans of Pisac and will be a majestic feature to decorate any interior.", "color": "Royal Red and Blue", "dimensions": "W: 1.5m H: 2.5m", "composition": "100% cotton and natural fibres", "features": "Not machine washable. Dry clean only", "price": "5000.00", "image_url": null, "image": "pisac_rug.jpg", "artisan": 2}}, {"model": "products.product", "pk": 18, "fields": {"category": 2, "sku": "G123C", "name": "Pink Clay Cups Set of 4", "description": "Modern with a touch of rustic. These little espresso cups are perfect for your morning or afternoon coffee kick. The matte finish gives a modern look and feel whilst the pink add a touch of vibrance to your kitchen.", "color": "Dusty Pink", "dimensions": "W: 6cm H: 6cm", "composition": "100% Clay", "features": "Not dishwasher or microwave safe", "price": "275.00", "image_url": null, "image": "pink_cups_IO63vlc.jpg", "artisan": 1}}, {"model": "products.product", "pk": 19, "fields": {"category": 2, "sku": "J123C", "name": "Clay Jug and Cup set", "description": "Rustic and playful in design this set is perfect to brighten up any dinner table. Made from the best clay from the andes, the jug and cups are heat hesitant meaning you can also use them for your favourite hot beverages too. \r\n\r\n\r\nThis set includes x1 jug and x4 cups", "color": "Dusty Pink", "dimensions": "Jug W: 16cm H: 27cm | Cups W: 7cm H:8cm", "composition": "100% Clay", "features": "Not dishwasher or microwave safe", "price": "250.00", "image_url": null, "image": "jug_and_cups_unsplash_NbJIzgT.jpg", "artisan": 1}}, {"model": "products.artisan", "pk": 1, "fields": {"name": "Pedro", "location": "Cusco, Peru", "story": "Based in the heart of Cusco, Pedro runs his own pottery business with his wife, Rosalia, where they also host workshops for visiting tourists (it’s a must-do!). We instantly fell in love with his rustic yet simple style which makes his products the perfect blend between contemporary and homely. Everything is hand made by himself using only the most natural ingredients.", "profile_image": "willian-justen-de-vasconcellos-49uTlqHPooY-unsplash.jpg"}}, {"model": "products.artisan", "pk": 2, "fields": {"name": "Nora", "location": "Chinchero, Peru", "story": "Born and raised in Chinchero, a city known for its textiles, it was only certain that Ilda would grow up to be one of the best weavers of Chinchero. Ilda combines techniques that were once used by the Incan empire with bold and colourful colours making her products completely unique and contemporary.", "profile_image": "ethos-image_wGnQ6z6.jpg"}}, {"model": "products.artisan", "pk": 3, "fields": {"name": "Adrian", "location": "Puno, Peru", "story": "From the south of Peru, Adrian is one the most talented weavers we have seen to date. He has been weaving rugs and carpets since he was 3 years old where he used to help his grandmother make bed throws, blankets and carpets. His skills and creativity have produced some of the finest and exquisite pieces which can majestically adorn any home.", "profile_image": "neto-torres-3cax0qcYQ8s-unsplash.jpg"}}, {"model": "products.artisan", "pk": 4, "fields": {"name": "Ilda", "location": "Arequipa, Peru", "story": "Idla’s work is modern, beautiful and quirky. Born in Arequipa, you can tell where Ilda’s inspiration is a mix match of colonial inspired architecture, nature and history which Arequipa is fondly known for. Using tools that have been handed down by her great great grandparents, everything she makes is hand made and painted by herself, her work is truly the definition of labour of love.", "profile_image": "adrian-dascal-VI_Kv4JYrlo-unsplash.jpg"}}, {"model": "products.artisan", "pk": 5, "fields": {"name": "Federico", "location": "Caica, Peru", "story": "Federico is our master of Mirrors. His intricate work immediately caught our attention. He has been making mirrors since he was 5 years old where he learned how to make them from his grandad. Mirror making has been in his family for generations and his work shows decades of the finest craftsmanship.", "profile_image": "federico-scarionati-kGo-lrppUpU-unsplash.jpg"}}, {"model": "products.reviews", "pk": 3, "fields": {"user": 3, "product": 1, "date": "2022-05-27", "title": "I love them", "text": "Great quality and they look beautiful in my kitchen.  I even bought another set!", "rating": 5}}, {"model": "products.reviews", "pk": 4, "fields": {"user": 4, "product": 10, "date": "2022-05-27", "title": "Exquisite design and detail", "text": "You can tell how much work and skill have gone into making this rug. The pictures online don't do this rug justice, it's a masterpiece. It looks great in my living room.", "rating": 5}}, {"model": "products.reviews", "pk": 5, "fields": {"user": 5, "product": 7, "date": "2022-05-27", "title": "Beautiful with a little kitsch  💓", "text": "Exactly what I was looking for. So unique, pretty and fun!", "rating": 5}}, {"model": "products.reviews", "pk": 6, "fields": {"user": 5, "product": 1, "date": "2022-05-27", "title": "Perfect for my tea", "text": "I love how they still have the rustic edge yet they look very modern. These have been my go to tea cup lately.", "rating": 5}}, {"model": "products.reviews", "pk": 7, "fields": {"user": 6, "product": 11, "date": "2022-05-27", "title": "Perfect for a BBQ", "text": "Great quality and look great in my dining table", "rating": 4}}, {"model": "checkout.order", "pk": 1, "fields": {"order_id": "1B581", "order_date": "2022-05-27T20:11:16.409Z", "user_profile": 2, "full_name": "testy", "email": "testy@testy.com", "contact_number": "1234567890", "street_address1": "123 45th street", "street_address2": null, "town_or_city": "anywhere", "county": null, "country": "US", "postcode": null, "delivery_cost": "0.00", "order_sub_total": "2550.00", "order_grand_total": "2550.00", "original_bag": "{\"10\": 1, \"19\": 1}", "stripe_pid": "pi_3L49UYGaYG4N8lqV0alO4ErH"}}, {"model": "checkout.order", "pk": 2, "fields": {"order_id": "28630", "order_date": "2022-05-27T21:00:20.528Z", "user_profile": 5, "full_name": "blanca", "email": "blanca@blanca.com", "contact_number": "1234567890", "street_address1": "123 45th street", "street_address2": null, "town_or_city": "anywhere", "county": null, "country": "US", "postcode": "12345", "delivery_cost": "0.00", "order_sub_total": "4000.00", "order_grand_total": "4000.00", "original_bag": "{\"7\": 1}", "stripe_pid": "pi_3L4AFyGaYG4N8lqV0QEs1sxc"}}, {"model": "checkout.order", "pk": 3, "fields": {"order_id": "4C37A", "order_date": "2022-05-30T10:24:37.745Z", "user_profile": null, "full_name": "test", "email": "test@test.com", "contact_number": "1234567890", "street_address1": "123 45th street", "street_address2": null, "town_or_city": "anywhere", "county": null, "country": "US", "postcode": "12345", "delivery_cost": "0.00", "order_sub_total": "550.00", "order_grand_total": "550.00", "original_bag": "{\"1\": 2}", "stripe_pid": "pi_3L55lQGaYG4N8lqV1YPFc1W3"}}, {"model": "checkout.order", "pk": 4, "fields": {"order_id": "E8105", "order_date": "2022-05-31T20:06:47.030Z", "user_profile": null, "full_name": "john smith", "email": "johnsmith@gmail.com", "contact_number": "1234567890", "street_address1": "123 45th street", "street_address2": null, "town_or_city": "anywhere", "county": null, "country": "US", "postcode": null, "delivery_cost": "0.00", "order_sub_total": "0.00", "order_grand_total": "0.00", "original_bag": "{\"12\": 2}", "stripe_pid": "pi_3L5bKOGaYG4N8lqV12yrW1wi"}}, {"model": "checkout.order", "pk": 5, "fields": {"order_id": "68C2D", "order_date": "2022-05-31T20:11:59.522Z", "user_profile": null, "full_name": "john smith", "email": "johnsmith@gmail.com", "contact_number": "1234567890", "street_address1": "123 45th street", "street_address2": null, "town_or_city": "anywhere", "county": null, "country": "US", "postcode": null, "delivery_cost": "0.00", "order_sub_total": "0.00", "order_grand_total": "0.00", "original_bag": "{\"12\": 2}", "stripe_pid": "pi_3L5bKOGaYG4N8lqV12yrW1wi"}}, {"model": "checkout.order", "pk": 6, "fields": {"order_id": "BE228", "order_date": "2022-05-31T20:12:51.775Z", "user_profile": null, "full_name": "john smith", "email": "johnsmith@gmail.com", "contact_number": "1234567890", "street_address1": "123 45th street", "street_address2": null, "town_or_city": "anywhere", "county": null, "country": "US", "postcode": null, "delivery_cost": "0.00", "order_sub_total": "0.00", "order_grand_total": "0.00", "original_bag": "{\"12\": 2}", "stripe_pid": "pi_3L5bQJGaYG4N8lqV0exbX7JE"}}, {"model": "checkout.order", "pk": 7, "fields": {"order_id": "CF19B", "order_date": "2022-05-31T20:14:56.266Z", "user_profile": null, "full_name": "john smith", "email": "johnsmith@gmail.com", "contact_number": "1234567890", "street_address1": "123 45th street", "street_address2": null, "town_or_city": "anywhere", "county": null, "country": "US", "postcode": null, "delivery_cost": "0.00", "order_sub_total": "0.00", "order_grand_total": "0.00", "original_bag": "{\"12\": 2}", "stripe_pid": "pi_3L5bQJGaYG4N8lqV0exbX7JE"}}, {"model": "checkout.order", "pk": 8, "fields": {"order_id": "2937E", "order_date": "2022-05-31T20:31:28.353Z", "user_profile": null, "full_name": "john smith", "email": "john_smith@gmail.com", "contact_number": "1234567890", "street_address1": "123 45th street", "street_address2": null, "town_or_city": "anywhere", "county": null, "country": "US", "postcode": null, "delivery_cost": "0.00", "order_sub_total": "3000.00", "order_grand_total": "3000.00", "original_bag": "{\"5\": 1}", "stripe_pid": "pi_3L5biIGaYG4N8lqV0MdbJai7"}}, {"model": "checkout.order", "pk": 9, "fields": {"order_id": "20B82", "order_date": "2022-05-31T20:42:29.571Z", "user_profile": null, "full_name": "john smith", "email": "john_smith@gmail.com", "contact_number": "1234567890", "street_address1": "123 45th street", "street_address2": null, "town_or_city": "anywhere", "county": null, "country": "US", "postcode": null, "delivery_cost": "0.00", "order_sub_total": "0.00", "order_grand_total": "0.00", "original_bag": "{\"12\": 2}", "stripe_pid": "pi_3L5bt0GaYG4N8lqV0Ta2zlTs"}}, {"model": "checkout.order", "pk": 10, "fields": {"order_id": "97A97", "order_date": "2022-05-31T20:53:15.827Z", "user_profile": null, "full_name": "john smith", "email": "john_smith@gmail.com", "contact_number": "1234567890", "street_address1": "123 45th street", "street_address2": null, "town_or_city": "anywhere", "county": null, "country": "US", "postcode": null, "delivery_cost": "0.00", "order_sub_total": "5000.00", "order_grand_total": "5000.00", "original_bag": "{\"12\": 1}", "stripe_pid": "pi_3L5c3XGaYG4N8lqV1PMkTJj9"}}, {"model": "checkout.orderlineitem", "pk": 1, "fields": {"order": 1, "product": 10, "dimensions": null, "composition": null, "quantity": 1, "lineitem_total": "2300.00"}}, {"model": "checkout.orderlineitem", "pk": 2, "fields": {"order": 1, "product": 19, "dimensions": null, "composition": null, "quantity": 1, "lineitem_total": "250.00"}}, {"model": "checkout.orderlineitem", "pk": 3, "fields": {"order": 2, "product": 7, "dimensions": null, "composition": null, "quantity": 1, "lineitem_total": "4000.00"}}, {"model": "checkout.orderlineitem", "pk": 4, "fields": {"order": 3, "product": 1, "dimensions": null, "composition": null, "quantity": 2, "lineitem_total": "550.00"}}, {"model": "checkout.orderlineitem", "pk": 5, "fields": {"order": 8, "product": 5, "dimensions": null, "composition": null, "quantity": 1, "lineitem_total": "3000.00"}}, {"model": "checkout.orderlineitem", "pk": 6, "fields": {"order": 10, "product": 12, "dimensions": null, "composition": null, "quantity": 1, "lineitem_total": "5000.00"}}, {"model": "user_profiles.userprofile", "pk": 1, "fields": {"user": 1, "default_contact_number": null, "default_street_address1": null, "default_street_address2": null, "default_town_or_city": null, "default_county": null, "default_postcode": null, "default_country": null}}, {"model": "user_profiles.userprofile", "pk": 2, "fields": {"user": 2, "default_contact_number": "1234567890", "default_street_address1": "123 45th street", "default_street_address2": null, "default_town_or_city": "anywhere", "default_county": null, "default_postcode": null, "default_country": "US"}}, {"model": "user_profiles.userprofile", "pk": 3, "fields": {"user": 3, "default_contact_number": null, "default_street_address1": null, "default_street_address2": null, "default_town_or_city": null, "default_county": null, "default_postcode": null, "default_country": null}}, {"model": "user_profiles.userprofile", "pk": 4, "fields": {"user": 4, "default_contact_number": null, "default_street_address1": null, "default_street_address2": null, "default_town_or_city": null, "default_county": null, "default_postcode": null, "default_country": null}}, {"model": "user_profiles.userprofile", "pk": 5, "fields": {"user": 5, "default_contact_number": null, "default_street_address1": null, "default_street_address2": null, "default_town_or_city": null, "default_county": null, "default_postcode": null, "default_country": null}}, {"model": "user_profiles.userprofile", "pk": 6, "fields": {"user": 6, "default_contact_number": null, "default_street_address1": null, "default_street_address2": null, "default_town_or_city": null, "default_county": null, "default_postcode": null, "default_country": null}}, {"model": "user_profiles.wishlist", "pk": 1, "fields": {"user": 1}}, {"model": "user_profiles.wishlist", "pk": 2, "fields": {"user": 2}}, {"model": "user_profiles.wishlistitem", "pk": 10, "fields": {"product": 1, "wishlist": 1}}, {"model": "user_profiles.wishlistitem", "pk": 54, "fields": {"product": 6, "wishlist": 2}}, {"model": "user_profiles.wishlistitem", "pk": 55, "fields": {"product": 7, "wishlist": 2}}]